{"polygons": [[[0, 55], [59, 29], [309, 2], [510, 5], [509, 670], [0, 630]]], "normalized_polygons": [[[0.0, 0.08052708638360176], [0.115234375, 0.0424597364568082], [0.603515625, 0.0029282576866764276], [0.99609375, 0.007320644216691069], [0.994140625, 0.9809663250366032], [0.0, 0.9224011713030746]]], "image_shape": [683, 512], "original_shape": [1067, 800], "image_name": "canal_block_image_67.jpg", "annotation_date": "2025-03-08T18:30:09.323777"}