{"polygons": [[[0, 128], [437, 146], [476, 152], [476, 167], [499, 176], [509, 166], [513, 611], [456, 617], [0, 606]]], "normalized_polygons": [[[0.0, 0.18740849194729137], [0.853515625, 0.21376281112737922], [0.9296875, 0.2225475841874085], [0.9296875, 0.2445095168374817], [0.974609375, 0.25768667642752563], [0.994140625, 0.2430453879941435], [1.001953125, 0.8945827232796486], [0.890625, 0.9033674963396779], [0.0, 0.8872620790629575]]], "image_shape": [683, 512], "original_shape": [1067, 800], "image_name": "45escalade_block_image_5.jpg", "annotation_date": "2025-03-08T18:20:43.843107"}