{"polygons": [[[2, 11], [34, 8], [511, 10], [510, 551], [159, 573], [1, 583]]], "normalized_polygons": [[[0.00390625, 0.016105417276720352], [0.06640625, 0.01171303074670571], [0.998046875, 0.014641288433382138], [0.99609375, 0.8067349926793558], [0.310546875, 0.8389458272327965], [0.001953125, 0.8535871156661786]]], "image_shape": [683, 512], "original_shape": [1067, 800], "image_name": "45escalade_block_image_10.jpg", "annotation_date": "2025-03-08T18:00:22.144095"}