{"polygons": [[[54, 157], [91, 153], [83, 141], [509, 119], [508, 495], [263, 493], [75, 500], [56, 492]]], "normalized_polygons": [[[0.10546875, 0.22986822840409957], [0.177734375, 0.2240117130307467], [0.162109375, 0.20644216691068815], [0.994140625, 0.17423133235724744], [0.9921875, 0.7247437774524158], [0.513671875, 0.7218155197657394], [0.146484375, 0.7320644216691069], [0.109375, 0.7203513909224012]]], "image_shape": [683, 512], "original_shape": [1067, 800], "image_name": "45escalade_block_image_28.jpg", "annotation_date": "2025-03-08T18:07:26.252114"}