{"polygons": [[[0, 4], [508, 3], [510, 680], [0, 680]]], "normalized_polygons": [[[0.0, 0.005856515373352855], [0.9921875, 0.004392386530014641], [0.99609375, 0.9956076134699854], [0.0, 0.9956076134699854]]], "image_shape": [683, 512], "original_shape": [1067, 800], "image_name": "larochelle_block_image_30.jpg", "annotation_date": "2025-03-08T18:34:55.837059"}