{"polygons": [[[0, 3], [246, 71], [379, 4], [510, 3], [510, 680], [285, 608], [51, 681], [0, 681]]], "normalized_polygons": [[[0.0, 0.004392386530014641], [0.48046875, 0.10395314787701318], [0.740234375, 0.005856515373352855], [0.99609375, 0.004392386530014641], [0.99609375, 0.9956076134699854], [0.556640625, 0.890190336749634], [0.099609375, 0.9970717423133236], [0.0, 0.9970717423133236]]], "image_shape": [683, 512], "original_shape": [1067, 800], "image_name": "dataset_block_image_34.jpg", "annotation_date": "2025-03-08T18:31:58.487964"}