{"polygons": [[[0, 65], [178, 51], [444, 142], [512, 140], [510, 556], [0, 558]]], "normalized_polygons": [[[0.0, 0.0951683748169839], [0.34765625, 0.0746705710102489], [0.8671875, 0.20790629575402636], [1.0, 0.20497803806734993], [0.99609375, 0.8140556368960469], [0.0, 0.8169838945827232]]], "image_shape": [683, 512], "original_shape": [1067, 800], "image_name": "45escalade_block_image_18.jpg", "annotation_date": "2025-03-08T18:01:57.209598"}