{"polygons": [[[0, 152], [124, 114], [186, 93], [476, 3], [513, 3], [509, 493], [106, 433], [79, 412], [0, 398]]], "normalized_polygons": [[[0.0, 0.2225475841874085], [0.2421875, 0.16691068814055637], [0.36328125, 0.13616398243045388], [0.9296875, 0.004392386530014641], [1.001953125, 0.004392386530014641], [0.994140625, 0.7218155197657394], [0.20703125, 0.6339677891654466], [0.154296875, 0.6032210834553441], [0.0, 0.582723279648609]]], "image_shape": [683, 512], "original_shape": [1067, 800], "image_name": "villeurbanne_block_image_16.jpg", "annotation_date": "2025-03-08T18:41:09.816644"}