{"polygons": [[[115, 7], [171, 2], [185, 41], [236, 38], [235, 6], [473, 3], [476, 22], [512, 27], [513, 600], [499, 609], [189, 598], [149, 583], [124, 264]]], "normalized_polygons": [[[0.224609375, 0.010248901903367497], [0.333984375, 0.0029282576866764276], [0.361328125, 0.060029282576866766], [0.4609375, 0.055636896046852125], [0.458984375, 0.008784773060029283], [0.923828125, 0.004392386530014641], [0.9296875, 0.032210834553440704], [1.0, 0.03953147877013177], [1.001953125, 0.8784773060029283], [0.974609375, 0.8916544655929722], [0.369140625, 0.8755490483162518], [0.291015625, 0.8535871156661786], [0.2421875, 0.38653001464128844]]], "image_shape": [683, 512], "original_shape": [1067, 800], "image_name": "chevaleret_block_image_20.jpg", "annotation_date": "2025-03-08T18:30:58.053910"}