{"polygons": [[[2, 5], [511, 5], [510, 673], [0, 661]]], "normalized_polygons": [[[0.00390625, 0.007320644216691069], [0.998046875, 0.007320644216691069], [0.99609375, 0.9853587115666179], [0.0, 0.9677891654465594]]], "image_shape": [683, 512], "original_shape": [1067, 800], "image_name": "madrid-carabanchel_block_image_29.jpg", "annotation_date": "2025-03-08T18:35:21.619728"}