{"polygons": [[[0, 0], [302, 4], [417, 41], [512, 53], [512, 491], [447, 496], [0, 576]]], "normalized_polygons": [[[0.0, 0.0], [0.58984375, 0.005856515373352855], [0.814453125, 0.060029282576866766], [1.0, 0.07759882869692533], [1.0, 0.718887262079063], [0.873046875, 0.726207906295754], [0.0, 0.8433382137628112]]], "image_shape": [683, 512], "original_shape": [1778, 800], "image_name": "bwall_blocs_block_image_13.jpg", "annotation_date": "2025-03-08T18:29:02.639620"}