{"polygons": [[[0, 125], [436, 146], [477, 153], [476, 170], [499, 173], [513, 166], [510, 609], [452, 617], [1, 607]]], "normalized_polygons": [[[0.0, 0.18301610541727673], [0.8515625, 0.21376281112737922], [0.931640625, 0.2240117130307467], [0.9296875, 0.24890190336749635], [0.974609375, 0.25329428989751096], [1.001953125, 0.2430453879941435], [0.99609375, 0.8916544655929722], [0.8828125, 0.9033674963396779], [0.001953125, 0.8887262079062958]]], "image_shape": [683, 512], "original_shape": [1067, 800], "image_name": "45escalade_block_image_12.jpg", "annotation_date": "2025-03-08T18:00:50.251539"}