{"polygons": [[[0, 108], [375, 100], [510, 79], [510, 652], [173, 620], [102, 613], [0, 613]]], "normalized_polygons": [[[0.0, 0.1581259150805271], [0.732421875, 0.14641288433382138], [0.99609375, 0.11566617862371889], [0.99609375, 0.9546120058565154], [0.337890625, 0.9077598828696926], [0.19921875, 0.8975109809663251], [0.0, 0.8975109809663251]]], "image_shape": [683, 512], "original_shape": [1778, 800], "image_name": "bwall_blocs_block_image_116.jpg", "annotation_date": "2025-03-08T18:28:52.438604"}