{"polygons": [[[0, 16], [169, 47], [514, 38], [514, 644], [516, 676], [483, 661], [426, 661], [420, 669], [184, 657], [136, 655], [0, 654]]], "normalized_polygons": [[[0.0, 0.02342606149341142], [0.330078125, 0.06881405563689605], [1.00390625, 0.055636896046852125], [1.00390625, 0.9428989751098097], [1.0078125, 0.9897510980966325], [0.943359375, 0.9677891654465594], [0.83203125, 0.9677891654465594], [0.8203125, 0.9795021961932651], [0.359375, 0.9619326500732065], [0.265625, 0.95900439238653], [0.0, 0.9575402635431918]]], "image_shape": [683, 512], "original_shape": [1067, 800], "image_name": "montreuil_block_image_18.jpg", "annotation_date": "2025-03-08T18:37:37.501425"}