{"polygons": [[[0, 3], [511, 3], [509, 651], [306, 681], [0, 682]]], "normalized_polygons": [[[0.0, 0.004392386530014641], [0.998046875, 0.004392386530014641], [0.994140625, 0.9531478770131772], [0.59765625, 0.9970717423133236], [0.0, 0.9985358711566618]]], "image_shape": [683, 512], "original_shape": [1067, 800], "image_name": "issy-les-moulineaux-bloc_block_image_61.jpg", "annotation_date": "2025-03-08T18:34:13.177625"}