{"polygons": [[[1, 3], [510, 3], [509, 646], [0, 674]]], "normalized_polygons": [[[0.001953125, 0.004392386530014641], [0.99609375, 0.004392386530014641], [0.994140625, 0.9458272327964861], [0.0, 0.986822840409956]]], "image_shape": [683, 512], "original_shape": [1067, 800], "image_name": "madrid-carabanchel_block_image_43.jpg", "annotation_date": "2025-03-08T18:35:28.794964"}