{"polygons": [[[0, 14], [29, 10], [513, 13], [509, 552], [157, 572], [0, 579]]], "normalized_polygons": [[[0.0, 0.020497803806734993], [0.056640625, 0.014641288433382138], [1.001953125, 0.01903367496339678], [0.994140625, 0.808199121522694], [0.306640625, 0.8374816983894583], [0.0, 0.8477306002928258]]], "image_shape": [683, 512], "original_shape": [1067, 800], "image_name": "45escalade_block_image_9.jpg", "annotation_date": "2025-03-08T18:27:16.711677"}