{"polygons": [[[0, 54], [59, 64], [291, 100], [458, 3], [512, 3], [511, 559], [253, 575], [0, 615]]], "normalized_polygons": [[[0.0, 0.07906295754026355], [0.115234375, 0.09370424597364568], [0.568359375, 0.14641288433382138], [0.89453125, 0.004392386530014641], [1.0, 0.004392386530014641], [0.998046875, 0.8184480234260615], [0.494140625, 0.8418740849194729], [0.0, 0.9004392386530015]]], "image_shape": [683, 512], "original_shape": [1067, 800], "image_name": "45escalade_block_image_2.jpg", "annotation_date": "2025-03-08T18:04:39.576458"}