{"polygons": [[[0, 167], [36, 180], [34, 124], [188, 118], [201, 175], [238, 178], [237, 116], [414, 106], [414, 160], [449, 168], [485, 115], [514, 123], [513, 592], [409, 607], [0, 588]]], "normalized_polygons": [[[0.0, 0.2445095168374817], [0.0703125, 0.2635431918008785], [0.06640625, 0.1815519765739385], [0.3671875, 0.17276720351390923], [0.392578125, 0.2562225475841874], [0.46484375, 0.26061493411420206], [0.462890625, 0.1698389458272328], [0.80859375, 0.15519765739385066], [0.80859375, 0.2342606149341142], [0.876953125, 0.24597364568081992], [0.947265625, 0.1683748169838946], [1.00390625, 0.1800878477306003], [1.001953125, 0.8667642752562226], [0.798828125, 0.8887262079062958], [0.0, 0.8609077598828697]]], "image_shape": [683, 512], "original_shape": [1067, 800], "image_name": "dataset_block_image_26.jpg", "annotation_date": "2025-03-08T18:31:47.792669"}