{"polygons": [[[0, 60], [126, 29], [457, 58], [511, 39], [512, 554], [165, 565], [0, 576]]], "normalized_polygons": [[[0.0, 0.08784773060029283], [0.24609375, 0.0424597364568082], [0.892578125, 0.0849194729136164], [0.998046875, 0.05710102489019034], [1.0, 0.8111273792093704], [0.322265625, 0.8272327964860908], [0.0, 0.8433382137628112]]], "image_shape": [683, 512], "original_shape": [1067, 800], "image_name": "45escalade_block_image_8.jpg", "annotation_date": "2025-03-08T18:27:08.121931"}