{"polygons": [[[1, 66], [361, 74], [512, 26], [510, 682], [314, 645], [0, 677]]], "normalized_polygons": [[[0.001953125, 0.09663250366032211], [0.705078125, 0.10834553440702782], [1.0, 0.03806734992679356], [0.99609375, 0.9985358711566618], [0.61328125, 0.9443631039531479], [0.0, 0.9912152269399708]]], "image_shape": [683, 512], "original_shape": [1067, 800], "image_name": "genevois_block_image_31.jpg", "annotation_date": "2025-03-08T18:33:49.776307"}