{"polygons": [[[0, 131], [511, 115], [511, 631], [0, 631]]], "normalized_polygons": [[[0.0, 0.191800878477306], [0.998046875, 0.1683748169838946], [0.998046875, 0.9238653001464129], [0.0, 0.9238653001464129]]], "image_shape": [683, 512], "original_shape": [1067, 800], "image_name": "toulouse_block_image_24.jpg", "annotation_date": "2025-03-08T18:40:04.645765"}