{"polygons": [[[0, 60], [127, 29], [455, 58], [509, 37], [510, 554], [161, 565], [0, 575]]], "normalized_polygons": [[[0.0, 0.08784773060029283], [0.248046875, 0.0424597364568082], [0.888671875, 0.0849194729136164], [0.994140625, 0.05417276720351391], [0.99609375, 0.8111273792093704], [0.314453125, 0.8272327964860908], [0.0, 0.8418740849194729]]], "image_shape": [683, 512], "original_shape": [1067, 800], "image_name": "45escalade_block_image_13.jpg", "annotation_date": "2025-03-08T18:00:59.990941"}