{"polygons": [[[1, 1], [511, 9], [509, 671], [0, 667]]], "normalized_polygons": [[[0.001953125, 0.0014641288433382138], [0.998046875, 0.013177159590043924], [0.994140625, 0.9824304538799414], [0.0, 0.9765739385065886]]], "image_shape": [683, 512], "original_shape": [1067, 800], "image_name": "tours_block_image_61.jpg", "annotation_date": "2025-03-08T18:40:56.828912"}