{"polygons": [[[55, 188], [54, 133], [346, 108], [463, 155], [459, 204], [468, 207], [456, 221], [453, 315], [440, 373], [394, 424], [358, 550], [263, 574], [110, 562], [94, 528]]], "normalized_polygons": [[[0.107421875, 0.2752562225475842], [0.10546875, 0.19472913616398244], [0.67578125, 0.1581259150805271], [0.904296875, 0.22693997071742314], [0.896484375, 0.2986822840409956], [0.9140625, 0.30307467057101023], [0.890625, 0.3235724743777452], [0.884765625, 0.4612005856515373], [0.859375, 0.5461200585651538], [0.76953125, 0.6207906295754027], [0.69921875, 0.8052708638360175], [0.513671875, 0.8404099560761347], [0.21484375, 0.8228404099560761], [0.18359375, 0.7730600292825769]]], "image_shape": [683, 512], "original_shape": [1067, 800], "image_name": "bigup_block_image_22.jpg", "annotation_date": "2025-03-08T18:27:53.470801"}