{"polygons": [[[0, 145], [120, 137], [285, 115], [427, 113], [379, 430], [378, 532], [116, 549], [122, 379], [60, 388], [0, 208]]], "normalized_polygons": [[[0.0, 0.212298682284041], [0.234375, 0.2005856515373353], [0.556640625, 0.1683748169838946], [0.833984375, 0.16544655929721816], [0.740234375, 0.6295754026354319], [0.73828125, 0.7789165446559297], [0.2265625, 0.8038067349926794], [0.23828125, 0.554904831625183], [0.1171875, 0.568081991215227], [0.0, 0.30453879941434847]]], "image_shape": [683, 512], "original_shape": [1067, 800], "image_name": "massy_block_image_16.jpg", "annotation_date": "2025-03-08T18:36:23.187811"}