{"polygons": [[[31, 127], [71, 127], [70, 114], [511, 104], [513, 483], [62, 484], [42, 479], [44, 313], [37, 294], [33, 276], [44, 265]]], "normalized_polygons": [[[0.060546875, 0.18594436310395315], [0.138671875, 0.18594436310395315], [0.13671875, 0.16691068814055637], [0.998046875, 0.15226939970717424], [1.001953125, 0.7071742313323572], [0.12109375, 0.7086383601756955], [0.08203125, 0.7013177159590044], [0.0859375, 0.4582723279648609], [0.072265625, 0.43045387994143486], [0.064453125, 0.404099560761347], [0.0859375, 0.38799414348462663]]], "image_shape": [683, 512], "original_shape": [1067, 800], "image_name": "45escalade_block_image_57.jpg", "annotation_date": "2025-03-08T18:20:59.734307"}