{"polygons": [[[0, 93], [390, 89], [503, 132], [509, 181], [512, 506], [0, 503]]], "normalized_polygons": [[[0.0, 0.13616398243045388], [0.76171875, 0.13030746705710103], [0.982421875, 0.19326500732064422], [0.994140625, 0.26500732064421667], [1.0, 0.7408491947291361], [0.0, 0.7364568081991215]]], "image_shape": [683, 512], "original_shape": [1067, 800], "image_name": "bordeaux_block_image_2.jpg", "annotation_date": "2025-03-08T18:28:26.289919"}