{"polygons": [[[0, 79], [484, 97], [513, 92], [513, 613], [302, 627], [3, 653]]], "normalized_polygons": [[[0.0, 0.11566617862371889], [0.9453125, 0.14202049780380674], [1.001953125, 0.13469985358711567], [1.001953125, 0.8975109809663251], [0.58984375, 0.91800878477306], [0.005859375, 0.9560761346998536]]], "image_shape": [683, 512], "original_shape": [1067, 800], "image_name": "45escalade_block_image_11.jpg", "annotation_date": "2025-03-08T18:00:36.440522"}