{"polygons": [[[0, 2], [510, 6], [511, 623], [333, 619], [0, 621]]], "normalized_polygons": [[[0.0, 0.0029282576866764276], [0.99609375, 0.008784773060029283], [0.998046875, 0.9121522693997072], [0.650390625, 0.9062957540263543], [0.0, 0.9092240117130308]]], "image_shape": [683, 512], "original_shape": [1067, 800], "image_name": "madrid-cuatro-caminos_block_image_18.jpg", "annotation_date": "2025-03-08T18:35:57.048124"}