{"polygons": [[[0, 62], [360, 35], [398, 133], [421, 237], [428, 347], [415, 405], [423, 470], [405, 491], [399, 569], [394, 607], [400, 634], [345, 680], [0, 682]]], "normalized_polygons": [[[0.0, 0.09077598828696926], [0.703125, 0.05124450951683748], [0.77734375, 0.19472913616398244], [0.822265625, 0.34699853587115664], [0.8359375, 0.5080527086383602], [0.810546875, 0.5929721815519766], [0.826171875, 0.6881405563689604], [0.791015625, 0.718887262079063], [0.779296875, 0.8330893118594437], [0.76953125, 0.8887262079062958], [0.78125, 0.9282576866764275], [0.673828125, 0.9956076134699854], [0.0, 0.9985358711566618]]], "image_shape": [683, 512], "original_shape": [1065, 800], "image_name": "didot_block_image_12.jpg", "annotation_date": "2025-03-08T18:33:02.511742"}