{"polygons": [[[1, 129], [435, 146], [480, 154], [473, 169], [495, 173], [510, 167], [511, 609], [452, 619], [0, 604]]], "normalized_polygons": [[[0.001953125, 0.18887262079062958], [0.849609375, 0.21376281112737922], [0.9375, 0.22547584187408493], [0.923828125, 0.24743777452415813], [0.966796875, 0.25329428989751096], [0.99609375, 0.2445095168374817], [0.998046875, 0.8916544655929722], [0.8828125, 0.9062957540263543], [0.0, 0.8843338213762811]]], "image_shape": [683, 512], "original_shape": [1067, 800], "image_name": "45escalade_block_image_22.jpg", "annotation_date": "2025-03-08T18:05:17.286098"}