{"polygons": [[[0, 169], [197, 167], [514, 133], [511, 592], [186, 556], [70, 546], [0, 542]]], "normalized_polygons": [[[0.0, 0.24743777452415813], [0.384765625, 0.2445095168374817], [1.00390625, 0.19472913616398244], [0.998046875, 0.8667642752562226], [0.36328125, 0.8140556368960469], [0.13671875, 0.7994143484626647], [0.0, 0.7935578330893118]]], "image_shape": [683, 512], "original_shape": [1067, 800], "image_name": "laennec_block_image_77.jpg", "annotation_date": "2025-03-08T18:34:48.161949"}