{"polygons": [[[142, 67], [143, 45], [236, 10], [340, 21], [353, 26], [349, 42], [360, 62], [380, 55], [423, 99], [510, 254], [499, 378], [486, 424], [497, 425], [494, 441], [483, 442], [478, 494], [339, 682], [143, 681], [128, 649], [136, 632], [135, 271]]], "normalized_polygons": [[[0.27734375, 0.09809663250366032], [0.279296875, 0.06588579795021962], [0.4609375, 0.014641288433382138], [0.6640625, 0.03074670571010249], [0.689453125, 0.03806734992679356], [0.681640625, 0.06149341142020498], [0.703125, 0.09077598828696926], [0.7421875, 0.08052708638360176], [0.826171875, 0.14494875549048317], [0.99609375, 0.3718887262079063], [0.974609375, 0.5534407027818448], [0.94921875, 0.6207906295754027], [0.970703125, 0.6222547584187409], [0.96484375, 0.6456808199121523], [0.943359375, 0.6471449487554904], [0.93359375, 0.7232796486090776], [0.662109375, 0.9985358711566618], [0.279296875, 0.9970717423133236], [0.25, 0.9502196193265008], [0.265625, 0.9253294289897511], [0.263671875, 0.3967789165446559]]], "image_shape": [683, 512], "original_shape": [1067, 800], "image_name": "45escalade_block_image_4.jpg", "annotation_date": "2025-03-08T18:20:31.729680"}