{"polygons": [[[0, 8], [70, 5], [232, 137], [379, 178], [431, 145], [453, 147], [468, 409], [454, 425], [456, 500], [399, 489], [0, 613]]], "normalized_polygons": [[[0.0, 0.01171303074670571], [0.13671875, 0.007320644216691069], [0.453125, 0.2005856515373353], [0.740234375, 0.26061493411420206], [0.841796875, 0.212298682284041], [0.884765625, 0.21522693997071743], [0.9140625, 0.5988286969253295], [0.88671875, 0.6222547584187409], [0.890625, 0.7320644216691069], [0.779296875, 0.7159590043923866], [0.0, 0.8975109809663251]]], "image_shape": [683, 512], "original_shape": [1067, 800], "image_name": "euromedecine_block_image_44.jpg", "annotation_date": "2025-03-08T18:33:42.332319"}