{"polygons": [[[1, 18], [501, 67], [511, 66], [510, 563], [446, 565], [252, 560], [0, 575]]], "normalized_polygons": [[[0.001953125, 0.02635431918008785], [0.978515625, 0.09809663250366032], [0.998046875, 0.09663250366032211], [0.99609375, 0.8243045387994143], [0.87109375, 0.8272327964860908], [0.4921875, 0.8199121522693997], [0.0, 0.8418740849194729]]], "image_shape": [683, 512], "original_shape": [1067, 800], "image_name": "45escalade_block_image_1.jpg", "annotation_date": "2025-03-08T18:00:11.534327"}