{"polygons": [[[118, 85], [256, 65], [327, 100], [335, 112], [345, 112], [415, 267], [423, 479], [379, 504], [346, 549], [348, 625], [304, 638], [171, 615]]], "normalized_polygons": [[[0.23046875, 0.12445095168374817], [0.5, 0.0951683748169839], [0.638671875, 0.14641288433382138], [0.654296875, 0.16398243045387995], [0.673828125, 0.16398243045387995], [0.810546875, 0.39092240117130306], [0.826171875, 0.7013177159590044], [0.740234375, 0.7379209370424598], [0.67578125, 0.8038067349926794], [0.6796875, 0.9150805270863837], [0.59375, 0.9341142020497804], [0.333984375, 0.9004392386530015]]], "image_shape": [683, 512], "original_shape": [1067, 800], "image_name": "45escalade_block_image_21.jpg", "annotation_date": "2025-03-08T18:05:05.751470"}