{"polygons": [[[0, 118], [409, 43], [514, 43], [510, 663], [250, 654], [0, 607]]], "normalized_polygons": [[[0.0, 0.17276720351390923], [0.798828125, 0.0629575402635432], [1.00390625, 0.0629575402635432], [0.99609375, 0.9707174231332357], [0.48828125, 0.9575402635431918], [0.0, 0.8887262079062958]]], "image_shape": [683, 512], "original_shape": [1422, 800], "image_name": "lille_block_image_45.jpg", "annotation_date": "2025-03-08T18:35:09.735445"}