{"polygons": [[[85, 162], [120, 159], [118, 148], [510, 144], [510, 516], [287, 508], [94, 511], [78, 504]]], "normalized_polygons": [[[0.166015625, 0.23718887262079064], [0.234375, 0.232796486090776], [0.23046875, 0.21669106881405564], [0.99609375, 0.2108345534407028], [0.99609375, 0.7554904831625183], [0.560546875, 0.7437774524158126], [0.18359375, 0.7481698389458272], [0.15234375, 0.7379209370424598]]], "image_shape": [683, 512], "original_shape": [1067, 800], "image_name": "45escalade_block_image_23.jpg", "annotation_date": "2025-03-08T18:06:23.118624"}