{"polygons": [[[0, 139], [72, 176], [184, 161], [510, 32], [512, 328], [329, 368], [316, 399], [298, 517], [221, 538], [109, 551], [33, 570], [0, 562]]], "normalized_polygons": [[[0.0, 0.20351390922401172], [0.140625, 0.25768667642752563], [0.359375, 0.23572474377745242], [0.99609375, 0.04685212298682284], [1.0, 0.4802342606149341], [0.642578125, 0.5387994143484627], [0.6171875, 0.5841874084919473], [0.58203125, 0.7569546120058566], [0.431640625, 0.787701317715959], [0.212890625, 0.8067349926793558], [0.064453125, 0.8345534407027818], [0.0, 0.8228404099560761]]], "image_shape": [683, 512], "original_shape": [1067, 800], "image_name": "bigup_block_image_59.jpg", "annotation_date": "2025-03-08T18:28:06.995067"}