{"polygons": [[[0, 59], [123, 28], [455, 56], [512, 39], [511, 550], [157, 563], [0, 577]]], "normalized_polygons": [[[0.0, 0.08638360175695461], [0.240234375, 0.040995607613469986], [0.888671875, 0.08199121522693997], [1.0, 0.05710102489019034], [0.998046875, 0.8052708638360175], [0.306640625, 0.8243045387994143], [0.0, 0.8448023426061494]]], "image_shape": [683, 512], "original_shape": [1067, 800], "image_name": "45escalade_block_image_24.jpg", "annotation_date": "2025-03-08T18:06:32.319855"}