{"polygons": [[[0, 11], [510, 36], [509, 678], [1, 679]]], "normalized_polygons": [[[0.0, 0.016105417276720352], [0.99609375, 0.0527086383601757], [0.994140625, 0.9926793557833089], [0.001953125, 0.9941434846266471]]], "image_shape": [683, 512], "original_shape": [1063, 800], "image_name": "madrid-carabanchel_block_image_7.jpg", "annotation_date": "2025-03-08T18:35:48.964441"}