{"polygons": [[[0, 32], [511, 32], [512, 650], [0, 652]]], "normalized_polygons": [[[0.0, 0.04685212298682284], [0.998046875, 0.04685212298682284], [1.0, 0.9516837481698389], [0.0, 0.9546120058565154]]], "image_shape": [683, 512], "original_shape": [1067, 800], "image_name": "montmartre_block_image_37.jpg", "annotation_date": "2025-03-08T18:37:12.653718"}