{"polygons": [[[0, 24], [511, 31], [512, 657], [326, 661], [0, 660]]], "normalized_polygons": [[[0.0, 0.03513909224011713], [0.998046875, 0.04538799414348463], [1.0, 0.9619326500732065], [0.63671875, 0.9677891654465594], [0.0, 0.9663250366032211]]], "image_shape": [683, 512], "original_shape": [1067, 800], "image_name": "madrid-carabanchel_block_image_51.jpg", "annotation_date": "2025-03-08T18:35:35.254258"}