{"polygons": [[[0, 47], [19, 47], [139, 152], [361, 183], [412, 169], [511, 116], [510, 629], [415, 601], [228, 590], [49, 594], [30, 594]]], "normalized_polygons": [[[0.0, 0.06881405563689605], [0.037109375, 0.06881405563689605], [0.271484375, 0.2225475841874085], [0.705078125, 0.2679355783308931], [0.8046875, 0.24743777452415813], [0.998046875, 0.1698389458272328], [0.99609375, 0.9209370424597365], [0.810546875, 0.8799414348462665], [0.4453125, 0.8638360175695461], [0.095703125, 0.8696925329428989], [0.05859375, 0.8696925329428989]]], "image_shape": [683, 512], "original_shape": [1067, 800], "image_name": "euromedecine_block_image_16.jpg", "annotation_date": "2025-03-08T18:33:29.882926"}