{"polygons": [[[0, 177], [36, 178], [51, 161], [65, 158], [59, 144], [55, 110], [62, 99], [251, 83], [321, 87], [510, 72], [513, 562], [250, 571], [93, 565], [28, 551], [0, 534]]], "normalized_polygons": [[[0.0, 0.2591508052708638], [0.0703125, 0.26061493411420206], [0.099609375, 0.23572474377745242], [0.126953125, 0.23133235724743778], [0.115234375, 0.2108345534407028], [0.107421875, 0.16105417276720352], [0.12109375, 0.14494875549048317], [0.490234375, 0.12152269399707175], [0.626953125, 0.1273792093704246], [0.99609375, 0.1054172767203514], [1.001953125, 0.8228404099560761], [0.48828125, 0.83601756954612], [0.181640625, 0.8272327964860908], [0.0546875, 0.8067349926793558], [0.0, 0.7818448023426061]]], "image_shape": [683, 512], "original_shape": [1067, 800], "image_name": "chevaleret_block_image_5.jpg", "annotation_date": "2025-03-08T18:31:12.333131"}