{"polygons": [[[0, 40], [512, 22], [510, 611], [0, 617]]], "normalized_polygons": [[[0.0, 0.05856515373352855], [1.0, 0.032210834553440704], [0.99609375, 0.8945827232796486], [0.0, 0.9033674963396779]]], "image_shape": [683, 512], "original_shape": [1063, 800], "image_name": "bordeaux_block_image_16.jpg", "annotation_date": "2025-03-08T18:28:13.926032"}