{"polygons": [[[28, 213], [118, 48], [157, 29], [187, 42], [207, 32], [203, 13], [231, 1], [343, 2], [410, 46], [392, 595], [278, 621], [228, 607], [25, 453]]], "normalized_polygons": [[[0.0546875, 0.3118594436310395], [0.23046875, 0.07027818448023426], [0.306640625, 0.0424597364568082], [0.365234375, 0.06149341142020498], [0.404296875, 0.04685212298682284], [0.396484375, 0.01903367496339678], [0.451171875, 0.0014641288433382138], [0.669921875, 0.0029282576866764276], [0.80078125, 0.06734992679355783], [0.765625, 0.8711566617862372], [0.54296875, 0.9092240117130308], [0.4453125, 0.8887262079062958], [0.048828125, 0.6632503660322109]]], "image_shape": [683, 512], "original_shape": [1067, 800], "image_name": "45escalade_block_image_25.jpg", "annotation_date": "2025-03-08T18:06:48.138754"}