{"polygons": [[[1, 94], [190, 87], [441, 85], [445, 79], [500, 74], [512, 75], [513, 627], [0, 623]]], "normalized_polygons": [[[0.001953125, 0.1376281112737921], [0.37109375, 0.1273792093704246], [0.861328125, 0.12445095168374817], [0.869140625, 0.11566617862371889], [0.9765625, 0.10834553440702782], [1.0, 0.10980966325036604], [1.001953125, 0.91800878477306], [0.0, 0.9121522693997072]]], "image_shape": [683, 512], "original_shape": [1067, 800], "image_name": "45escalade_block_image_27.jpg", "annotation_date": "2025-03-08T18:07:15.840143"}