{"polygons": [[[0, 64], [370, 24], [431, 90], [510, 309], [511, 648], [0, 529]]], "normalized_polygons": [[[0.0, 0.09370424597364568], [0.72265625, 0.03513909224011713], [0.841796875, 0.13177159590043924], [0.99609375, 0.45241581259150804], [0.998046875, 0.9487554904831625], [0.0, 0.7745241581259151]]], "image_shape": [683, 512], "original_shape": [1067, 800], "image_name": "laennec_block_image_10.jpg", "annotation_date": "2025-03-08T18:34:31.193863"}