{"polygons": [[[0, 93], [33, 77], [182, 116], [162, 175], [202, 184], [476, 123], [514, 126], [513, 630], [206, 559], [0, 611]]], "normalized_polygons": [[[0.0, 0.13616398243045388], [0.064453125, 0.11273792093704246], [0.35546875, 0.1698389458272328], [0.31640625, 0.2562225475841874], [0.39453125, 0.26939970717423134], [0.9296875, 0.1800878477306003], [1.00390625, 0.18448023426061494], [1.001953125, 0.9224011713030746], [0.40234375, 0.8184480234260615], [0.0, 0.8945827232796486]]], "image_shape": [683, 512], "original_shape": [1067, 800], "image_name": "chevaleret_block_image_9.jpg", "annotation_date": "2025-03-08T18:31:23.370321"}