{"polygons": [[[0, 2], [462, 3], [487, 179], [492, 201], [504, 680], [0, 680]]], "normalized_polygons": [[[0.0, 0.0029282576866764276], [0.90234375, 0.004392386530014641], [0.951171875, 0.26207906295754024], [0.9609375, 0.29428989751098095], [0.984375, 0.9956076134699854], [0.0, 0.9956076134699854]]], "image_shape": [683, 512], "original_shape": [1418, 800], "image_name": "lille_block_image_39.jpg", "annotation_date": "2025-03-08T18:35:03.468318"}