{"polygons": [[[175, 90], [180, 97], [201, 90], [192, 66], [311, 23], [411, 4], [509, 5], [514, 656], [117, 569], [130, 260]]], "normalized_polygons": [[[0.341796875, 0.13177159590043924], [0.3515625, 0.14202049780380674], [0.392578125, 0.13177159590043924], [0.375, 0.09663250366032211], [0.607421875, 0.03367496339677892], [0.802734375, 0.005856515373352855], [0.994140625, 0.007320644216691069], [1.00390625, 0.9604685212298683], [0.228515625, 0.8330893118594437], [0.25390625, 0.3806734992679356]]], "image_shape": [683, 512], "original_shape": [1067, 800], "image_name": "45escalade_block_image_7.jpg", "annotation_date": "2025-03-08T18:26:59.681216"}