{"polygons": [[[173, 95], [198, 92], [190, 72], [308, 25], [412, 2], [511, 3], [513, 654], [119, 569], [130, 261], [154, 173]]], "normalized_polygons": [[[0.337890625, 0.1390922401171303], [0.38671875, 0.13469985358711567], [0.37109375, 0.1054172767203514], [0.6015625, 0.036603221083455345], [0.8046875, 0.0029282576866764276], [0.998046875, 0.004392386530014641], [1.001953125, 0.9575402635431918], [0.232421875, 0.8330893118594437], [0.25390625, 0.3821376281112738], [0.30078125, 0.25329428989751096]]], "image_shape": [683, 512], "original_shape": [1067, 800], "image_name": "45escalade_block_image_3.jpg", "annotation_date": "2025-03-08T18:07:50.747172"}