{"polygons": [[[0, 1], [511, 3], [513, 671], [163, 681], [0, 680]]], "normalized_polygons": [[[0.0, 0.0014641288433382138], [0.998046875, 0.004392386530014641], [1.001953125, 0.9824304538799414], [0.318359375, 0.9970717423133236], [0.0, 0.9956076134699854]]], "image_shape": [683, 512], "original_shape": [1067, 800], "image_name": "toulouse_block_image_86.jpg", "annotation_date": "2025-03-08T18:40:38.593095"}