{"polygons": [[[65, 203], [132, 188], [318, 154], [510, 123], [511, 611], [85, 553], [67, 551], [0, 353], [12, 313], [6, 273]]], "normalized_polygons": [[[0.126953125, 0.2972181551976574], [0.2578125, 0.2752562225475842], [0.62109375, 0.22547584187408493], [0.99609375, 0.1800878477306003], [0.998046875, 0.8945827232796486], [0.166015625, 0.8096632503660323], [0.130859375, 0.8067349926793558], [0.0, 0.5168374816983895], [0.0234375, 0.4582723279648609], [0.01171875, 0.39970717423133234]]], "image_shape": [683, 512], "original_shape": [1067, 800], "image_name": "villeurbanne_block_image_46.jpg", "annotation_date": "2025-03-08T18:41:24.412086"}