{"polygons": [[[0, 61], [123, 29], [458, 58], [510, 37], [510, 554], [162, 564], [0, 577]]], "normalized_polygons": [[[0.0, 0.08931185944363104], [0.240234375, 0.0424597364568082], [0.89453125, 0.0849194729136164], [0.99609375, 0.05417276720351391], [0.99609375, 0.8111273792093704], [0.31640625, 0.8257686676427526], [0.0, 0.8448023426061494]]], "image_shape": [683, 512], "original_shape": [1067, 800], "image_name": "45escalade_block_image_29.jpg", "annotation_date": "2025-03-08T18:07:35.921703"}