{"polygons": [[[0, 1], [509, 6], [508, 674], [335, 653], [0, 630]]], "normalized_polygons": [[[0.0, 0.0014641288433382138], [0.994140625, 0.008784773060029283], [0.9921875, 0.986822840409956], [0.654296875, 0.9560761346998536], [0.0, 0.9224011713030746]]], "image_shape": [683, 512], "original_shape": [1063, 800], "image_name": "madrid-cuatro-caminos_block_image_7.jpg", "annotation_date": "2025-03-08T18:36:04.145359"}