{"polygons": [[[0, 53], [278, 4], [511, 3], [512, 661], [0, 655]]], "normalized_polygons": [[[0.0, 0.07759882869692533], [0.54296875, 0.005856515373352855], [0.998046875, 0.004392386530014641], [1.0, 0.9677891654465594], [0.0, 0.95900439238653]]], "image_shape": [683, 512], "original_shape": [1067, 800], "image_name": "issy-les-moulineaux-bloc_block_image_10.jpg", "annotation_date": "2025-03-08T18:34:05.380704"}