{"polygons": [[[0, 278], [80, 250], [113, 261], [140, 248], [138, 234], [299, 183], [309, 208], [331, 205], [320, 179], [511, 119], [510, 529], [0, 443]]], "normalized_polygons": [[[0.0, 0.40702781844802344], [0.15625, 0.36603221083455345], [0.220703125, 0.3821376281112738], [0.2734375, 0.363103953147877], [0.26953125, 0.34260614934114203], [0.583984375, 0.2679355783308931], [0.603515625, 0.30453879941434847], [0.646484375, 0.3001464128843338], [0.625, 0.26207906295754024], [0.998046875, 0.17423133235724744], [0.99609375, 0.7745241581259151], [0.0, 0.6486090775988287]]], "image_shape": [683, 512], "original_shape": [999, 800], "image_name": "canal_block_image_79.jpg", "annotation_date": "2025-03-08T18:30:23.147700"}