{"polygons": [[[0, 120], [260, 88], [510, 59], [509, 614], [0, 570]]], "normalized_polygons": [[[0.0, 0.17569546120058566], [0.5078125, 0.12884333821376281], [0.99609375, 0.08638360175695461], [0.994140625, 0.8989751098096632], [0.0, 0.8345534407027818]]], "image_shape": [683, 512], "original_shape": [1067, 800], "image_name": "genevois_block_image_89.jpg", "annotation_date": "2025-03-08T18:33:59.100144"}