{"polygons": [[[0, 0], [63, 3], [244, 74], [379, 3], [511, 3], [511, 682], [285, 610], [62, 681], [0, 680]]], "normalized_polygons": [[[0.0, 0.0], [0.123046875, 0.004392386530014641], [0.4765625, 0.10834553440702782], [0.740234375, 0.004392386530014641], [0.998046875, 0.004392386530014641], [0.998046875, 0.9985358711566618], [0.556640625, 0.8931185944363104], [0.12109375, 0.9970717423133236], [0.0, 0.9956076134699854]]], "image_shape": [683, 512], "original_shape": [1067, 800], "image_name": "dataset_block_image_11.jpg", "annotation_date": "2025-03-08T18:31:36.118704"}