{"polygons": [[[0, 56], [429, 70], [434, 97], [465, 103], [477, 74], [512, 76], [513, 639], [0, 634]]], "normalized_polygons": [[[0.0, 0.08199121522693997], [0.837890625, 0.10248901903367497], [0.84765625, 0.14202049780380674], [0.908203125, 0.15080527086383602], [0.931640625, 0.10834553440702782], [1.0, 0.11127379209370425], [1.001953125, 0.9355783308931186], [0.0, 0.9282576866764275]]], "image_shape": [683, 512], "original_shape": [1067, 800], "image_name": "montmartre_block_image_19.jpg", "annotation_date": "2025-03-08T18:37:06.207170"}