{"polygons": [[[1, 2], [58, 53], [513, 47], [510, 504], [66, 505], [0, 548]]], "normalized_polygons": [[[0.001953125, 0.0029282576866764276], [0.11328125, 0.07759882869692533], [1.001953125, 0.06881405563689605], [0.99609375, 0.7379209370424598], [0.12890625, 0.739385065885798], [0.0, 0.8023426061493412]]], "image_shape": [683, 512], "original_shape": [1418, 800], "image_name": "canal_block_image_3.jpg", "annotation_date": "2025-03-08T18:29:51.590298"}