{"polygons": [[[0, 132], [446, 7], [509, 12], [513, 305], [401, 630], [98, 637], [31, 623], [0, 607]]], "normalized_polygons": [[[0.0, 0.19326500732064422], [0.87109375, 0.010248901903367497], [0.994140625, 0.017569546120058566], [1.001953125, 0.4465592972181552], [0.783203125, 0.9224011713030746], [0.19140625, 0.9326500732064422], [0.060546875, 0.9121522693997072], [0.0, 0.8887262079062958]]], "image_shape": [683, 512], "original_shape": [1067, 800], "image_name": "laennec_block_image_3.jpg", "annotation_date": "2025-03-08T18:34:39.492264"}