{"polygons": [[[0, 56], [38, 53], [54, 43], [85, 56], [322, 65], [390, 55], [454, 47], [513, 41], [509, 606], [0, 579]]], "normalized_polygons": [[[0.0, 0.08199121522693997], [0.07421875, 0.07759882869692533], [0.10546875, 0.0629575402635432], [0.166015625, 0.08199121522693997], [0.62890625, 0.0951683748169839], [0.76171875, 0.08052708638360176], [0.88671875, 0.06881405563689605], [1.001953125, 0.060029282576866766], [0.994140625, 0.8872620790629575], [0.0, 0.8477306002928258]]], "image_shape": [683, 512], "original_shape": [1067, 800], "image_name": "massy_block_image_58.jpg", "annotation_date": "2025-03-08T18:36:42.621726"}