{"polygons": [[[0, 56], [511, 65], [511, 619], [0, 611]]], "normalized_polygons": [[[0.0, 0.08199121522693997], [0.998046875, 0.0951683748169839], [0.998046875, 0.9062957540263543], [0.0, 0.8945827232796486]]], "image_shape": [683, 512], "original_shape": [1067, 800], "image_name": "45escalade_block_image_26.jpg", "annotation_date": "2025-03-08T18:06:55.778328"}