{"polygons": [[[0, 39], [108, 75], [513, 59], [510, 543], [137, 519], [23, 544], [2, 559]]], "normalized_polygons": [[[0.0, 0.05710102489019034], [0.2109375, 0.10980966325036604], [1.001953125, 0.08638360175695461], [0.99609375, 0.7950219619326501], [0.267578125, 0.7598828696925329], [0.044921875, 0.7964860907759883], [0.00390625, 0.8184480234260615]]], "image_shape": [683, 512], "original_shape": [1067, 800], "image_name": "45escalade_block_image_16.jpg", "annotation_date": "2025-03-08T18:01:30.058518"}