{"polygons": [[[0, 154], [32, 153], [98, 155], [265, 141], [286, 154], [285, 188], [352, 185], [352, 18], [511, 3], [511, 558], [276, 509], [191, 460], [137, 454], [71, 456], [0, 465]]], "normalized_polygons": [[[0.0, 0.22547584187408493], [0.0625, 0.2240117130307467], [0.19140625, 0.22693997071742314], [0.517578125, 0.20644216691068815], [0.55859375, 0.22547584187408493], [0.556640625, 0.2752562225475842], [0.6875, 0.2708638360175695], [0.6875, 0.02635431918008785], [0.998046875, 0.004392386530014641], [0.998046875, 0.8169838945827232], [0.5390625, 0.7452415812591509], [0.373046875, 0.6734992679355783], [0.267578125, 0.664714494875549], [0.138671875, 0.6676427525622255], [0.0, 0.6808199121522694]]], "image_shape": [683, 512], "original_shape": [1067, 800], "image_name": "marina_block_image_56.jpg", "annotation_date": "2025-03-08T18:39:57.453823"}