{"polygons": [[[0, 1], [510, 3], [511, 508], [418, 483], [0, 543]]], "normalized_polygons": [[[0.0, 0.0014641288433382138], [0.99609375, 0.004392386530014641], [0.998046875, 0.7437774524158126], [0.81640625, 0.7071742313323572], [0.0, 0.7950219619326501]]], "image_shape": [683, 512], "original_shape": [1418, 800], "image_name": "canal_block_image_4.jpg", "annotation_date": "2025-03-08T18:29:59.654514"}