{"polygons": [[[0, 35], [308, 116], [510, 37], [511, 682], [407, 682], [337, 665], [251, 682], [0, 679]]], "normalized_polygons": [[[0.0, 0.05124450951683748], [0.6015625, 0.1698389458272328], [0.99609375, 0.05417276720351391], [0.998046875, 0.9985358711566618], [0.794921875, 0.9985358711566618], [0.658203125, 0.9736456808199122], [0.490234375, 0.9985358711566618], [0.0, 0.9941434846266471]]], "image_shape": [683, 512], "original_shape": [1778, 800], "image_name": "bwall_blocs_block_image_96.jpg", "annotation_date": "2025-03-08T18:29:42.067698"}