{"polygons": [[[0, 3], [82, 24], [105, 50], [338, 27], [391, 54], [512, 59], [510, 546], [323, 533], [87, 558], [74, 299], [0, 269], [0, 162], [18, 159], [17, 43], [3, 45]]], "normalized_polygons": [[[0.0, 0.004392386530014641], [0.16015625, 0.03513909224011713], [0.205078125, 0.07320644216691069], [0.66015625, 0.03953147877013177], [0.763671875, 0.07906295754026355], [1.0, 0.08638360175695461], [0.99609375, 0.7994143484626647], [0.630859375, 0.780380673499268], [0.169921875, 0.8169838945827232], [0.14453125, 0.4377745241581259], [0.0, 0.3938506588579795], [0.0, 0.23718887262079064], [0.03515625, 0.232796486090776], [0.033203125, 0.0629575402635432], [0.005859375, 0.06588579795021962]]], "image_shape": [683, 512], "original_shape": [1067, 800], "image_name": "dataset_block_image_45.jpg", "annotation_date": "2025-03-08T18:32:24.455222"}