{"polygons": [[[0, 179], [225, 137], [260, 185], [318, 204], [316, 292], [406, 300], [451, 263], [476, 243], [493, 264], [513, 573], [491, 594], [317, 571], [244, 583], [234, 569], [235, 491], [93, 480], [87, 537], [39, 556], [21, 552], [33, 476]]], "normalized_polygons": [[[0.0, 0.26207906295754024], [0.439453125, 0.2005856515373353], [0.5078125, 0.2708638360175695], [0.62109375, 0.2986822840409956], [0.6171875, 0.42752562225475843], [0.79296875, 0.43923865300146414], [0.880859375, 0.3850658857979502], [0.9296875, 0.3557833089311859], [0.962890625, 0.38653001464128844], [1.001953125, 0.8389458272327965], [0.958984375, 0.8696925329428989], [0.619140625, 0.83601756954612], [0.4765625, 0.8535871156661786], [0.45703125, 0.8330893118594437], [0.458984375, 0.718887262079063], [0.181640625, 0.7027818448023426], [0.169921875, 0.7862371888726208], [0.076171875, 0.8140556368960469], [0.041015625, 0.808199121522694], [0.064453125, 0.6969253294289898]]], "image_shape": [683, 512], "original_shape": [1067, 800], "image_name": "dataset_block_image_68.jpg", "annotation_date": "2025-03-08T18:32:44.993145"}