{"polygons": [[[102, 112], [108, 103], [124, 103], [126, 92], [122, 76], [146, 28], [295, 47], [347, 92], [343, 579], [317, 592], [178, 582], [157, 573]]], "normalized_polygons": [[[0.19921875, 0.16398243045387995], [0.2109375, 0.15080527086383602], [0.2421875, 0.15080527086383602], [0.24609375, 0.13469985358711567], [0.23828125, 0.11127379209370425], [0.28515625, 0.040995607613469986], [0.576171875, 0.06881405563689605], [0.677734375, 0.13469985358711567], [0.669921875, 0.8477306002928258], [0.619140625, 0.8667642752562226], [0.34765625, 0.8521229868228404], [0.306640625, 0.8389458272327965]]], "image_shape": [683, 512], "original_shape": [1067, 800], "image_name": "45escalade_block_image_15.jpg", "annotation_date": "2025-03-08T18:01:22.608677"}