{"polygons": [[[1, 3], [63, 12], [272, 44], [370, 5], [510, 5], [512, 680], [427, 670], [1, 680]]], "normalized_polygons": [[[0.001953125, 0.004392386530014641], [0.123046875, 0.017569546120058566], [0.53125, 0.06442166910688141], [0.72265625, 0.007320644216691069], [0.99609375, 0.007320644216691069], [1.0, 0.9956076134699854], [0.833984375, 0.9809663250366032], [0.001953125, 0.9956076134699854]]], "image_shape": [683, 512], "original_shape": [1067, 800], "image_name": "didot_block_image_44.jpg", "annotation_date": "2025-03-08T18:33:12.210713"}