{"polygons": [[[61, 77], [76, 24], [128, 18], [269, 64], [290, 59], [398, 4], [511, 5], [510, 587], [430, 563], [73, 621], [34, 620], [51, 394]]], "normalized_polygons": [[[0.119140625, 0.11273792093704246], [0.1484375, 0.03513909224011713], [0.25, 0.02635431918008785], [0.525390625, 0.09370424597364568], [0.56640625, 0.08638360175695461], [0.77734375, 0.005856515373352855], [0.998046875, 0.007320644216691069], [0.99609375, 0.8594436310395315], [0.83984375, 0.8243045387994143], [0.142578125, 0.9092240117130308], [0.06640625, 0.9077598828696926], [0.099609375, 0.5768667642752562]]], "image_shape": [683, 512], "original_shape": [1067, 800], "image_name": "45escalade_block_image_20.jpg", "annotation_date": "2025-03-08T18:04:52.708939"}