{"polygons": [[[0, 74], [191, 121], [441, 5], [511, 3], [512, 546], [427, 539], [132, 567], [0, 589]]], "normalized_polygons": [[[0.0, 0.10834553440702782], [0.373046875, 0.17715959004392387], [0.861328125, 0.007320644216691069], [0.998046875, 0.004392386530014641], [1.0, 0.7994143484626647], [0.833984375, 0.7891654465592972], [0.2578125, 0.8301610541727672], [0.0, 0.862371888726208]]], "image_shape": [683, 512], "original_shape": [1067, 800], "image_name": "45escalade_block_image_14.jpg", "annotation_date": "2025-03-08T18:01:09.600842"}