{"polygons": [[[0, 164], [106, 58], [128, 46], [151, 59], [196, 43], [196, 19], [266, 14], [329, 56], [378, 250], [409, 594], [322, 641], [238, 649], [134, 637], [41, 573], [0, 559]]], "normalized_polygons": [[[0.0, 0.24011713030746706], [0.20703125, 0.0849194729136164], [0.25, 0.06734992679355783], [0.294921875, 0.08638360175695461], [0.3828125, 0.0629575402635432], [0.3828125, 0.027818448023426062], [0.51953125, 0.020497803806734993], [0.642578125, 0.08199121522693997], [0.73828125, 0.36603221083455345], [0.798828125, 0.8696925329428989], [0.62890625, 0.9385065885797951], [0.46484375, 0.9502196193265008], [0.26171875, 0.9326500732064422], [0.080078125, 0.8389458272327965], [0.0, 0.8184480234260615]]], "image_shape": [683, 512], "original_shape": [1067, 800], "image_name": "45escalade_block_image_31.jpg", "annotation_date": "2025-03-08T18:12:51.511227"}