{"polygons": [[[46, 32], [243, 45], [508, 29], [509, 632], [4, 623]]], "normalized_polygons": [[[0.08984375, 0.04685212298682284], [0.474609375, 0.06588579795021962], [0.9921875, 0.0424597364568082], [0.994140625, 0.9253294289897511], [0.0078125, 0.9121522693997072]]], "image_shape": [683, 512], "original_shape": [1067, 800], "image_name": "bwall_blocs_block_image_53.jpg", "annotation_date": "2025-03-08T18:29:10.826006"}