{"polygons": [[[0, 7], [511, 9], [510, 660], [0, 654]]], "normalized_polygons": [[[0.0, 0.010248901903367497], [0.998046875, 0.013177159590043924], [0.99609375, 0.9663250366032211], [0.0, 0.9575402635431918]]], "image_shape": [683, 512], "original_shape": [1067, 800], "image_name": "montmartre_block_image_49.jpg", "annotation_date": "2025-03-08T18:37:25.761744"}