{"polygons": [[[2, 3], [263, 5], [496, 49], [514, 39], [510, 681], [348, 681], [180, 616], [1, 611]]], "normalized_polygons": [[[0.00390625, 0.004392386530014641], [0.513671875, 0.007320644216691069], [0.96875, 0.07174231332357248], [1.00390625, 0.05710102489019034], [0.99609375, 0.9970717423133236], [0.6796875, 0.9970717423133236], [0.3515625, 0.9019033674963397], [0.001953125, 0.8945827232796486]]], "image_shape": [683, 512], "original_shape": [1067, 800], "image_name": "toulouse_block_image_72.jpg", "annotation_date": "2025-03-08T18:40:29.778416"}