{"polygons": [[[0, 74], [190, 118], [439, 3], [511, 3], [510, 550], [435, 541], [131, 569], [0, 590]]], "normalized_polygons": [[[0.0, 0.10834553440702782], [0.37109375, 0.17276720351390923], [0.857421875, 0.004392386530014641], [0.998046875, 0.004392386530014641], [0.99609375, 0.8052708638360175], [0.849609375, 0.7920937042459737], [0.255859375, 0.8330893118594437], [0.0, 0.8638360175695461]]], "image_shape": [683, 512], "original_shape": [1067, 800], "image_name": "45escalade_block_image_30.jpg", "annotation_date": "2025-03-08T18:08:00.420891"}