{"polygons": [[[0, 97], [501, 76], [510, 79], [510, 636], [0, 625]]], "normalized_polygons": [[[0.0, 0.14202049780380674], [0.978515625, 0.11127379209370425], [0.99609375, 0.11566617862371889], [0.99609375, 0.931185944363104], [0.0, 0.9150805270863837]]], "image_shape": [683, 512], "original_shape": [1067, 800], "image_name": "45escalade_block_image_19.jpg", "annotation_date": "2025-03-08T18:02:05.063986"}