{"polygons": [[[0, 79], [511, 34], [513, 433], [510, 568], [444, 575], [276, 682], [258, 681], [157, 589], [128, 529], [107, 516], [0, 250]]], "normalized_polygons": [[[0.0, 0.11566617862371889], [0.998046875, 0.04978038067349927], [1.001953125, 0.6339677891654466], [0.99609375, 0.8316251830161054], [0.8671875, 0.8418740849194729], [0.5390625, 0.9985358711566618], [0.50390625, 0.9970717423133236], [0.306640625, 0.862371888726208], [0.25, 0.7745241581259151], [0.208984375, 0.7554904831625183], [0.0, 0.36603221083455345]]], "image_shape": [683, 512], "original_shape": [1065, 800], "image_name": "massy_block_image_83.jpg", "annotation_date": "2025-03-08T18:36:58.421651"}