{"polygons": [[[0, 3], [511, 1], [508, 679], [174, 680], [0, 671]]], "normalized_polygons": [[[0.0, 0.004392386530014641], [0.998046875, 0.0014641288433382138], [0.9921875, 0.9941434846266471], [0.33984375, 0.9956076134699854], [0.0, 0.9824304538799414]]], "image_shape": [683, 512], "original_shape": [1067, 800], "image_name": "toulouse_block_image_87.jpg", "annotation_date": "2025-03-08T18:40:47.768831"}