{"polygons": [[[0, 53], [339, 76], [476, 2], [511, 5], [509, 592], [5, 609]]], "normalized_polygons": [[[0.0, 0.07759882869692533], [0.662109375, 0.11127379209370425], [0.9296875, 0.0029282576866764276], [0.998046875, 0.007320644216691069], [0.994140625, 0.8667642752562226], [0.009765625, 0.8916544655929722]]], "image_shape": [683, 512], "original_shape": [1067, 800], "image_name": "massy_block_image_5.jpg", "annotation_date": "2025-03-08T18:36:32.173552"}