{"polygons": [[[0, 2], [161, 101], [479, 157], [476, 185], [512, 169], [510, 594], [414, 554], [0, 623]]], "normalized_polygons": [[[0.0, 0.0029282576866764276], [0.314453125, 0.1478770131771596], [0.935546875, 0.22986822840409957], [0.9296875, 0.2708638360175695], [1.0, 0.24743777452415813], [0.99609375, 0.8696925329428989], [0.80859375, 0.8111273792093704], [0.0, 0.9121522693997072]]], "image_shape": [683, 512], "original_shape": [1067, 800], "image_name": "castelnau_block_image_34.jpg", "annotation_date": "2025-03-08T18:30:42.646925"}