{"polygons": [[[0, 1], [510, 1], [511, 588], [427, 545], [0, 552]]], "normalized_polygons": [[[0.0, 0.0014641288433382138], [0.99609375, 0.0014641288433382138], [0.998046875, 0.8609077598828697], [0.833984375, 0.7979502196193266], [0.0, 0.808199121522694]]], "image_shape": [683, 512], "original_shape": [1418, 800], "image_name": "canal_block_image_87.jpg", "annotation_date": "2025-03-08T18:30:31.280996"}