{"polygons": [[[1, 18], [339, 50], [341, 77], [368, 81], [370, 56], [500, 66], [511, 64], [511, 567], [446, 558], [252, 560], [0, 575]]], "normalized_polygons": [[[0.001953125, 0.02635431918008785], [0.662109375, 0.07320644216691069], [0.666015625, 0.11273792093704246], [0.71875, 0.11859443631039532], [0.72265625, 0.08199121522693997], [0.9765625, 0.09663250366032211], [0.998046875, 0.09370424597364568], [0.998046875, 0.8301610541727672], [0.87109375, 0.8169838945827232], [0.4921875, 0.8199121522693997], [0.0, 0.8418740849194729]]], "image_shape": [683, 512], "original_shape": [1067, 800], "image_name": "45escalade_block_image_32.jpg", "annotation_date": "2025-03-08T18:13:35.269001"}