{"polygons": [[[0, 69], [236, 150], [439, 137], [486, 108], [511, 116], [510, 568], [303, 510], [157, 505], [0, 510]]], "normalized_polygons": [[[0.0, 0.10102489019033675], [0.4609375, 0.21961932650073207], [0.857421875, 0.2005856515373353], [0.94921875, 0.1581259150805271], [0.998046875, 0.1698389458272328], [0.99609375, 0.8316251830161054], [0.591796875, 0.746705710102489], [0.306640625, 0.739385065885798], [0.0, 0.746705710102489]]], "image_shape": [683, 512], "original_shape": [1067, 800], "image_name": "marina_block_image_32.jpg", "annotation_date": "2025-03-08T18:36:13.281036"}