{"polygons": [[[0, 148], [78, 139], [173, 144], [355, 130], [477, 87], [512, 85], [512, 619], [0, 604]]], "normalized_polygons": [[[0.0, 0.21669106881405564], [0.15234375, 0.20351390922401172], [0.337890625, 0.2108345534407028], [0.693359375, 0.1903367496339678], [0.931640625, 0.1273792093704246], [1.0, 0.12445095168374817], [1.0, 0.9062957540263543], [0.0, 0.8843338213762811]]], "image_shape": [683, 512], "original_shape": [1067, 800], "image_name": "bup_brezet_block_image_58.jpg", "annotation_date": "2025-03-08T18:28:35.482744"}