{"polygons": [[[0, 88], [290, 4], [510, 2], [510, 681], [1, 682]]], "normalized_polygons": [[[0.0, 0.12884333821376281], [0.56640625, 0.005856515373352855], [0.99609375, 0.0029282576866764276], [0.99609375, 0.9970717423133236], [0.001953125, 0.9985358711566618]]], "image_shape": [683, 512], "original_shape": [1063, 800], "image_name": "madrid-carabanchel_block_image_64.jpg", "annotation_date": "2025-03-08T18:35:42.265584"}