{"polygons": [[[0, 16], [509, 5], [509, 672], [425, 665], [0, 635]]], "normalized_polygons": [[[0.0, 0.02342606149341142], [0.994140625, 0.007320644216691069], [0.994140625, 0.9838945827232797], [0.830078125, 0.9736456808199122], [0.0, 0.9297218155197657]]], "image_shape": [683, 512], "original_shape": [1067, 800], "image_name": "edenwall_block_image_47.jpg", "annotation_date": "2025-03-08T18:33:18.566000"}