{"polygons": [[[0, 58], [255, 92], [510, 67], [511, 603], [389, 598], [0, 647]]], "normalized_polygons": [[[0.0, 0.0849194729136164], [0.498046875, 0.13469985358711567], [0.99609375, 0.09809663250366032], [0.998046875, 0.8828696925329429], [0.759765625, 0.8755490483162518], [0.0, 0.9472913616398243]]], "image_shape": [683, 512], "original_shape": [1067, 800], "image_name": "issy-les-moulineaux-bloc_block_image_69.jpg", "annotation_date": "2025-03-08T18:34:21.598364"}