{"polygons": [[[0, 166], [108, 57], [130, 47], [153, 62], [197, 43], [196, 19], [270, 16], [332, 56], [378, 250], [407, 596], [319, 643], [233, 651], [141, 638], [44, 573], [0, 561]]], "normalized_polygons": [[[0.0, 0.2430453879941435], [0.2109375, 0.08345534407027819], [0.25390625, 0.06881405563689605], [0.298828125, 0.09077598828696926], [0.384765625, 0.0629575402635432], [0.3828125, 0.027818448023426062], [0.52734375, 0.02342606149341142], [0.6484375, 0.08199121522693997], [0.73828125, 0.36603221083455345], [0.794921875, 0.8726207906295754], [0.623046875, 0.9414348462664714], [0.455078125, 0.9531478770131772], [0.275390625, 0.9341142020497804], [0.0859375, 0.8389458272327965], [0.0, 0.821376281112738]]], "image_shape": [683, 512], "original_shape": [1067, 800], "image_name": "45escalade_block_image_6.jpg", "annotation_date": "2025-03-08T18:21:13.892122"}