{"polygons": [[[0, 5], [514, 2], [510, 634], [282, 626], [1, 626]]], "normalized_polygons": [[[0.0, 0.007320644216691069], [1.00390625, 0.0029282576866764276], [0.99609375, 0.9282576866764275], [0.55078125, 0.9165446559297218], [0.001953125, 0.9165446559297218]]], "image_shape": [683, 512], "original_shape": [1067, 800], "image_name": "auperchoir_block_image_7.jpg", "annotation_date": "2025-03-08T18:27:33.218800"}