{"polygons": [[[175, 89], [178, 97], [195, 91], [196, 72], [407, 5], [508, 5], [512, 649], [117, 569], [134, 259]]], "normalized_polygons": [[[0.341796875, 0.13030746705710103], [0.34765625, 0.14202049780380674], [0.380859375, 0.13323572474377746], [0.3828125, 0.1054172767203514], [0.794921875, 0.007320644216691069], [0.9921875, 0.007320644216691069], [1.0, 0.9502196193265008], [0.228515625, 0.8330893118594437], [0.26171875, 0.37920937042459735]]], "image_shape": [683, 512], "original_shape": [1067, 800], "image_name": "45escalade_block_image_17.jpg", "annotation_date": "2025-03-08T18:01:43.556500"}