{"polygons": [[[0, 102], [134, 173], [168, 173], [167, 156], [202, 141], [277, 144], [380, 192], [377, 208], [385, 214], [397, 211], [404, 244], [378, 462], [369, 483], [306, 495], [147, 483], [115, 470], [59, 338], [0, 239]]], "normalized_polygons": [[[0.0, 0.1493411420204978], [0.26171875, 0.25329428989751096], [0.328125, 0.25329428989751096], [0.326171875, 0.22840409956076135], [0.39453125, 0.20644216691068815], [0.541015625, 0.2108345534407028], [0.7421875, 0.28111273792093705], [0.736328125, 0.30453879941434847], [0.751953125, 0.31332357247437775], [0.775390625, 0.3089311859443631], [0.7890625, 0.35724743777452417], [0.73828125, 0.6764275256222547], [0.720703125, 0.7071742313323572], [0.59765625, 0.7247437774524158], [0.287109375, 0.7071742313323572], [0.224609375, 0.6881405563689604], [0.115234375, 0.49487554904831627], [0.0, 0.34992679355783307]]], "image_shape": [683, 512], "original_shape": [1778, 800], "image_name": "bwall_blocs_block_image_70.jpg", "annotation_date": "2025-03-08T18:29:30.146589"}