{"polygons": [[[0, 219], [509, 7], [509, 680], [372, 590], [0, 457]]], "normalized_polygons": [[[0.0, 0.3206442166910688], [0.994140625, 0.010248901903367497], [0.994140625, 0.9956076134699854], [0.7265625, 0.8638360175695461], [0.0, 0.6691068814055637]]], "image_shape": [683, 512], "original_shape": [1067, 800], "image_name": "montmartre_block_image_48.jpg", "annotation_date": "2025-03-08T18:37:19.444204"}